model,precision,mean_refusal_margin,std_refusal_margin
meta-llama/Meta-Llama-3-8B-Instruct,int4,-0.937763746434992,1.1539814925000638
meta-llama/Meta-Llama-3-8B-Instruct,int8,-0.7746180187572133,1.0094267494317768
mistralai/Mistral-7B-Instruct-v0.2,int4,-0.08589126933704724,1.063073455659437
mistralai/Mistral-7B-Instruct-v0.2,int8,-0.06432218638333409,1.0827324390284434
